"numID","posiSelf","posiOther","dEvSelf","dEvOther","aEvSelf","aEvOther","alphaPrec","genLR","repLR","wp0","wAttr","mem","LL","LP","AIC","BIC","eaS1neg","eaS1pos","eaSneg","eaSneu","eaSpos","eaO1neg","eaO1pos","eaOneg","eaOneu","eaOpos","midS1neg","midS1pos","midSneg","midSneu","midSpos","midO1neg","midO1pos","midOneg","midOneu","midOpos","ltS1neg","ltS1pos","ltSneg","ltSneu","ltSpos","ltO1neg","ltO1pos","ltOneg","ltOneu","ltOpos"
20230710142359308.000000,7.038364,8.043159,-4.625000,-4.625000,0.693147,0.693147,-1.250000,-2.197225,-5.187500,2.375000,26.562500,6.910000,-261.857588,-257.175052,537.715177,546.376254,3.619048,5.047619,NaN,NaN,5.047619,3.857143,5.761905,NaN,6.000000,NaN,3.222222,4.194444,NaN,NaN,4.611111,2.250000,4.055556,NaN,4.750000,NaN,1.000000,6.000000,NaN,NaN,6.000000,2.190476,5.285714,NaN,4.095238,NaN
20230710142554812.000000,-0.165507,1.315620,-4.625000,-4.625000,0.693147,0.693147,-0.500000,-2.197225,5.187500,0.650000,22.625000,6.910000,-224.847280,-219.800623,463.694559,472.355636,3.000000,4.809524,NaN,3.857143,NaN,2.809524,3.761905,NaN,NaN,3.904762,2.277778,5.527778,NaN,3.305556,NaN,2.027778,5.388889,NaN,NaN,5.277778,1.238095,5.142857,NaN,2.857143,NaN,1.095238,5.523810,NaN,NaN,4.857143
20230710142601336.000000,0.585679,-2.370860,-0.406250,-0.406250,0.693147,0.693147,-7.437500,-2.197225,-0.062500,0.175000,4.906250,6.910000,-286.704676,-280.934646,587.409351,596.070429,1.000000,6.000000,NaN,4.952381,3.333333,3.904762,3.904762,NaN,NaN,NaN,1.694444,3.055556,NaN,3.472222,3.861111,2.888889,2.138889,NaN,NaN,NaN,1.476190,1.428571,NaN,4.952381,4.238095,2.285714,4.904762,NaN,NaN,NaN
2023071014265986.000000,1.163609,1.163609,-0.875000,-0.875000,0.693147,0.693147,-0.500000,-2.197225,-5.750000,2.375000,7.750000,6.910000,-220.457081,-214.743938,454.914161,463.575239,4.000000,3.238095,NaN,NaN,4.428571,2.619048,2.714286,NaN,NaN,5.619048,2.388889,4.472222,NaN,NaN,4.888889,1.916667,4.500000,NaN,NaN,4.555556,2.904762,4.190476,NaN,NaN,4.761905,1.904762,4.857143,NaN,NaN,4.095238
20230710143008916.000000,0.477050,0.477050,4.000000,4.000000,0.693147,0.693147,-0.500000,-2.197225,2.000000,2.300000,9.937500,6.910000,-238.825519,-234.609412,491.651038,500.312115,4.714286,4.666667,NaN,NaN,3.428571,4.809524,4.714286,NaN,NaN,4.619048,4.833333,4.805556,NaN,NaN,4.916667,4.916667,5.000000,NaN,NaN,4.694444,4.523810,4.761905,NaN,NaN,4.666667,5.190476,4.761905,NaN,NaN,5.476190
20230710143135952.000000,0.879414,2.007063,2.937500,2.937500,0.693147,0.693147,-1.250000,-2.197225,2.687500,4.906250,8.843750,6.910000,-235.648121,-230.357466,485.296243,493.957320,4.333333,5.190476,NaN,NaN,NaN,4.142857,5.238095,NaN,4.238095,4.666667,4.638889,5.138889,NaN,NaN,NaN,3.111111,5.111111,NaN,4.972222,4.194444,5.142857,4.238095,NaN,NaN,NaN,3.000000,5.285714,NaN,4.571429,3.428571
20230710143158544.000000,4.166682,-2.337497,-4.000000,-4.000000,0.693147,0.693147,-1.437500,-2.197225,-2.250000,-1.750000,18.250000,6.910000,-267.868394,-262.613153,549.736787,558.397864,3.095238,5.809524,NaN,NaN,3.904762,2.428571,2.190476,NaN,3.333333,NaN,1.222222,4.083333,NaN,NaN,3.555556,1.555556,3.361111,NaN,3.611111,NaN,1.238095,5.809524,NaN,NaN,4.952381,1.000000,6.000000,NaN,3.619048,NaN
20230710143222400.000000,0.216720,-0.416399,3.000000,3.000000,0.693147,0.693147,-0.750000,-2.197225,-2.000000,2.600000,7.750000,6.910000,-247.156397,-241.770856,508.312794,516.973871,4.000000,5.047619,NaN,NaN,NaN,3.714286,5.000000,NaN,4.238095,4.476190,4.694444,4.666667,NaN,NaN,NaN,2.750000,3.888889,NaN,2.333333,4.527778,2.000000,4.714286,NaN,NaN,NaN,2.476190,4.380952,NaN,2.571429,4.952381
20230710143331276.000000,1.812500,0.125000,1.812500,1.812500,0.693147,0.693147,-0.875000,-2.197225,-4.625000,6.593750,14.750000,6.910000,-246.793872,-241.549588,507.587745,516.248822,5.000000,5.238095,NaN,4.476190,NaN,4.238095,5.000000,NaN,4.000000,NaN,4.055556,5.027778,NaN,3.944444,NaN,2.916667,5.138889,NaN,3.194444,NaN,3.380952,4.523810,NaN,4.095238,NaN,2.857143,4.857143,NaN,3.476190,NaN
20230710143412544.000000,0.708236,0.770591,3.500000,3.500000,0.693147,0.693147,-1.250000,-2.197225,2.125000,-2.150000,12.125000,6.910000,-274.413911,-269.515166,562.827822,571.488899,4.857143,3.047619,NaN,NaN,5.047619,3.285714,3.523810,NaN,3.571429,NaN,4.527778,3.361111,NaN,NaN,4.722222,3.361111,3.416667,NaN,2.972222,NaN,4.523810,3.142857,NaN,NaN,5.095238,3.333333,3.714286,NaN,3.523810,NaN
20230710143540968.000000,-0.023289,-2.540756,3.218750,3.218750,0.693147,0.693147,-1.812500,-2.197225,-0.500000,1.925000,18.687500,6.910000,-273.612103,-268.777739,561.224205,569.885283,3.761905,5.476190,NaN,NaN,NaN,3.714286,3.476190,NaN,2.190476,3.761905,4.083333,4.000000,NaN,NaN,NaN,2.361111,3.916667,NaN,3.111111,3.861111,4.904762,3.619048,NaN,NaN,NaN,1.809524,3.523810,NaN,2.047619,4.190476
2023071014363491.000000,-1.023289,-1.529112,-5.187500,-5.187500,0.693147,0.693147,-0.500000,-2.197225,0.015625,-2.675000,9.500000,6.910000,-217.648548,-212.028831,449.297096,457.958174,2.238095,3.666667,NaN,4.428571,NaN,2.238095,3.666667,NaN,NaN,3.857143,1.000000,5.250000,NaN,3.527778,NaN,1.916667,5.500000,NaN,NaN,4.194444,1.000000,4.571429,NaN,4.047619,NaN,1.000000,4.523810,NaN,NaN,5.238095
20230710143703760.000000,0.074199,-0.194350,4.000000,4.000000,0.693147,0.693147,-0.500000,-2.197225,-3.000000,0.175000,6.000000,6.910000,-229.313100,-224.977523,472.626199,481.287277,3.285714,4.523810,NaN,NaN,4.761905,3.476190,2.619048,NaN,2.714286,NaN,2.666667,4.416667,NaN,NaN,4.722222,2.888889,3.916667,NaN,4.000000,NaN,3.142857,4.333333,NaN,NaN,4.714286,2.714286,4.238095,NaN,2.380952,NaN
20230710143711736.000000,1.123216,2.302781,2.750000,2.750000,0.693147,0.693147,-0.750000,-2.197225,-2.000000,-0.375000,5.562500,6.910000,-244.167130,-238.617538,502.334259,510.995336,3.380952,5.190476,NaN,4.809524,5.285714,3.476190,4.904762,NaN,NaN,NaN,2.861111,4.138889,NaN,4.555556,4.888889,2.916667,4.500000,NaN,NaN,NaN,2.476190,3.333333,NaN,5.238095,4.190476,2.047619,4.714286,NaN,NaN,NaN
20230710143808692.000000,2.538266,1.000000,3.500000,3.500000,0.693147,0.693147,-0.687500,-2.197225,0.562500,-1.625000,7.750000,6.910000,-244.478616,-239.428174,502.957232,511.618309,3.476190,2.714286,NaN,5.190476,NaN,4.571429,4.523810,NaN,NaN,2.952381,3.305556,3.861111,NaN,4.472222,NaN,2.166667,3.277778,NaN,NaN,4.944444,3.619048,3.285714,NaN,4.285714,NaN,3.333333,3.428571,NaN,NaN,5.285714
20230710143833568.000000,1.078210,8.236489,0.250000,0.250000,0.693147,0.693147,-0.750000,-2.197225,-2.000000,1.700000,6.000000,6.910000,-233.318654,-227.580753,480.637308,489.298385,4.333333,4.666667,NaN,5.761905,4.619048,2.857143,5.285714,NaN,NaN,NaN,2.055556,4.083333,NaN,4.333333,4.583333,2.166667,5.583333,NaN,NaN,NaN,2.952381,5.285714,NaN,2.000000,4.619048,2.142857,5.285714,NaN,NaN,NaN
20230710143840364.000000,1.769470,1.954101,2.937500,2.937500,0.693147,0.693147,-1.250000,-2.197225,6.312500,2.375000,4.250000,6.910000,-248.224459,-242.805094,510.448918,519.109996,4.952381,4.047619,NaN,NaN,4.714286,3.904762,2.476190,NaN,4.428571,NaN,4.361111,5.138889,NaN,NaN,5.500000,2.888889,4.527778,NaN,5.138889,NaN,5.000000,4.714286,NaN,NaN,4.476190,4.571429,3.714286,NaN,4.523810,NaN
20230710143908208.000000,0.693147,0.693147,2.937500,2.937500,0.693147,0.693147,-1.250000,-2.197225,-2.125000,1.437500,22.625000,6.910000,-273.569522,-268.770663,561.139045,569.800122,3.571429,3.238095,NaN,5.190476,NaN,4.714286,4.238095,NaN,NaN,5.142857,3.166667,4.222222,NaN,4.861111,NaN,4.000000,4.472222,NaN,NaN,3.416667,1.714286,4.428571,NaN,3.666667,NaN,3.476190,4.095238,NaN,NaN,2.857143
20230710143908784.000000,1.967385,2.560862,3.500000,3.500000,0.693147,0.693147,-1.812500,-2.197225,5.500000,4.062500,7.203125,6.910000,-262.714273,-257.763828,539.428547,548.089624,4.571429,5.095238,NaN,4.428571,NaN,4.190476,5.047619,NaN,4.000000,NaN,4.972222,4.694444,NaN,4.472222,NaN,5.138889,4.666667,NaN,4.722222,NaN,5.666667,4.857143,NaN,3.666667,NaN,5.190476,4.285714,NaN,4.952381,NaN
20230710143918232.000000,1.529749,0.619039,2.500000,2.500000,0.693147,0.693147,-1.000000,-2.197225,-5.000000,3.500000,9.937500,6.910000,-244.843016,-239.402588,503.686033,512.347110,5.380952,4.714286,NaN,5.333333,4.380952,3.952381,4.857143,NaN,NaN,NaN,4.250000,5.277778,NaN,4.500000,4.361111,2.500000,5.388889,NaN,NaN,NaN,2.571429,5.285714,NaN,3.666667,4.047619,3.476190,5.190476,NaN,NaN,NaN
20230710143955428.000000,1.631180,0.879414,3.218750,3.218750,0.693147,0.693147,-1.250000,-2.197225,3.812500,5.750000,14.750000,6.910000,-263.015527,-258.141987,540.031054,548.692131,5.190476,3.523810,NaN,3.476190,NaN,4.000000,4.142857,NaN,NaN,3.238095,4.722222,5.277778,NaN,3.250000,NaN,4.694444,4.500000,NaN,NaN,3.916667,3.809524,5.476190,NaN,4.238095,NaN,2.666667,4.523810,NaN,NaN,5.000000
20230710143956896.000000,0.333364,6.799972,2.375000,2.375000,0.693147,0.693147,-1.250000,-2.197225,2.187500,-0.575000,2.500000,6.910000,-251.200725,-245.598430,516.401449,525.062526,4.142857,3.142857,NaN,3.666667,NaN,4.571429,4.714286,NaN,NaN,3.571429,2.444444,4.222222,NaN,3.388889,NaN,2.305556,4.166667,NaN,NaN,3.388889,2.238095,4.428571,NaN,2.047619,NaN,2.000000,4.000000,NaN,NaN,3.904762
20230710144001188.000000,3.880217,4.693586,3.500000,3.500000,0.693147,0.693147,-1.250000,-2.197225,-5.750000,4.906250,7.203125,6.910000,-228.703377,-223.820464,471.406755,480.067832,4.000000,6.000000,NaN,5.476190,NaN,5.000000,4.666667,NaN,NaN,4.809524,4.333333,5.833333,NaN,5.194444,NaN,4.166667,4.444444,NaN,NaN,4.527778,5.714286,4.571429,NaN,5.285714,NaN,2.380952,5.428571,NaN,NaN,5.047619
20230710144025632.000000,0.927987,-0.554010,2.750000,2.750000,0.693147,0.693147,-0.500000,-2.197225,-3.000000,1.100000,6.000000,6.910000,-224.300155,-218.758308,462.600311,471.261388,4.666667,4.285714,NaN,5.285714,4.857143,3.285714,4.952381,NaN,NaN,NaN,2.111111,4.833333,NaN,4.388889,5.111111,2.250000,3.444444,NaN,NaN,NaN,2.333333,4.523810,NaN,5.047619,5.142857,2.333333,4.666667,NaN,NaN,NaN
20230710144042544.000000,-0.643213,-0.242964,4.000000,4.000000,0.693147,0.693147,-0.750000,-2.197225,-1.000000,-1.900000,6.000000,6.910000,-227.172762,-222.839923,468.345524,477.006601,2.809524,3.714286,NaN,NaN,3.571429,3.523810,3.476190,NaN,NaN,3.619048,1.972222,3.722222,NaN,NaN,3.888889,3.027778,3.583333,NaN,NaN,4.000000,3.095238,3.523810,NaN,NaN,3.761905,2.000000,3.428571,NaN,NaN,4.571429
20230710144056728.000000,0.382800,0.944562,3.218750,3.218750,0.693147,0.693147,-0.500000,-2.197225,-0.609375,-1.187500,9.500000,6.910000,-247.146280,-241.904687,508.292560,516.953637,2.904762,3.714286,NaN,4.142857,NaN,3.095238,2.904762,NaN,5.238095,NaN,2.166667,4.444444,NaN,2.861111,NaN,3.027778,4.694444,NaN,4.111111,NaN,2.571429,4.095238,NaN,1.857143,NaN,2.333333,4.619048,NaN,4.095238,NaN
20230710144112544.000000,3.494703,0.249117,2.437500,2.437500,0.693147,0.693147,-1.250000,-2.197225,-0.125000,0.800000,4.250000,6.910000,-255.749073,-250.100556,525.498145,534.159222,4.857143,4.333333,NaN,NaN,NaN,3.285714,4.952381,NaN,2.904762,3.714286,3.972222,4.722222,NaN,NaN,NaN,2.472222,3.750000,NaN,2.361111,3.833333,5.333333,4.761905,NaN,NaN,NaN,2.904762,4.619048,NaN,4.190476,4.619048
20230710144153296.000000,0.066691,0.266673,4.000000,4.000000,0.693147,0.693147,-0.500000,-2.197225,4.000000,-1.600000,6.000000,6.910000,-222.423301,-218.107961,458.846602,467.507680,4.571429,4.857143,NaN,NaN,NaN,2.000000,3.571429,NaN,3.904762,3.761905,1.750000,4.083333,NaN,NaN,NaN,2.444444,4.222222,NaN,3.527778,5.138889,1.809524,3.714286,NaN,NaN,NaN,2.666667,4.238095,NaN,3.619048,3.523810
20230710144200344.000000,2.188247,2.825896,3.921875,3.921875,0.693147,0.693147,-0.687500,-2.197225,-7.437500,7.100000,46.250000,6.910000,-220.900993,-218.955149,455.801985,464.463062,4.714286,5.761905,NaN,4.809524,NaN,6.000000,5.000000,NaN,5.142857,NaN,4.555556,5.944444,NaN,5.805556,NaN,4.861111,5.833333,NaN,6.000000,NaN,5.476190,5.904762,NaN,5.714286,NaN,2.666667,6.000000,NaN,5.571429,NaN
20230710144249236.000000,1.514501,1.263051,3.500000,3.500000,0.693147,0.693147,-0.500000,-2.197225,5.187500,3.725000,14.750000,6.910000,-232.402646,-227.680329,478.805292,487.466369,4.714286,4.238095,NaN,5.666667,4.428571,3.904762,3.428571,NaN,NaN,NaN,2.611111,4.611111,NaN,5.472222,5.000000,3.055556,3.638889,NaN,NaN,NaN,2.238095,4.428571,NaN,5.190476,5.333333,2.333333,3.333333,NaN,NaN,NaN
20230710144354560.000000,5.564679,0.156468,-3.296875,-3.296875,0.693147,0.693147,-1.250000,-2.197225,-3.875000,-0.650000,5.562500,6.910000,-261.132255,-255.412930,536.264510,544.925587,4.142857,3.571429,NaN,NaN,NaN,3.857143,5.238095,NaN,4.190476,5.142857,2.111111,5.250000,NaN,NaN,NaN,1.555556,4.333333,NaN,3.500000,4.305556,3.142857,5.428571,NaN,NaN,NaN,2.095238,3.952381,NaN,3.857143,4.809524
20230710144358212.000000,2.614975,1.891980,3.218750,3.218750,0.693147,0.693147,-1.250000,-2.197225,-5.750000,11.150000,16.718750,6.910000,-221.053613,-216.703052,456.107227,464.768304,4.904762,5.571429,NaN,NaN,5.857143,4.285714,5.809524,NaN,NaN,4.190476,5.750000,5.750000,NaN,NaN,4.861111,5.388889,5.944444,NaN,NaN,4.805556,6.000000,6.000000,NaN,NaN,5.000000,5.714286,6.000000,NaN,NaN,5.238095
20230710144419784.000000,8.853128,1.736980,-5.750000,-5.750000,0.693147,0.693147,-0.125000,-2.197225,-4.625000,1.812500,30.500000,6.910000,-195.064956,-190.579133,404.129913,412.790990,5.285714,5.761905,NaN,NaN,6.000000,4.571429,6.000000,NaN,NaN,4.857143,1.972222,5.305556,NaN,NaN,6.000000,1.000000,6.000000,NaN,NaN,5.500000,1.238095,6.000000,NaN,NaN,6.000000,1.000000,6.000000,NaN,NaN,4.952381
202307101444226.000000,-1.410932,0.999548,-5.187500,-5.187500,0.693147,0.693147,-0.875000,-2.197225,5.750000,3.875000,14.750000,6.910000,-242.290861,-236.948310,498.581723,507.242800,2.476190,5.761905,NaN,5.523810,NaN,3.952381,4.476190,NaN,NaN,4.904762,1.583333,4.583333,NaN,3.777778,NaN,1.972222,5.500000,NaN,NaN,4.777778,1.380952,2.476190,NaN,3.333333,NaN,1.428571,4.142857,NaN,NaN,5.952381
2023071014442474.000000,2.146406,0.603668,4.000000,4.000000,0.693147,0.693147,-1.250000,-2.197225,-7.000000,-3.000000,6.000000,6.910000,-258.650127,-254.406715,531.300253,539.961330,3.523810,4.000000,NaN,NaN,NaN,3.000000,3.238095,NaN,3.000000,3.000000,5.000000,4.138889,NaN,NaN,NaN,3.000000,3.555556,NaN,3.000000,3.166667,3.523810,5.523810,NaN,NaN,NaN,3.000000,3.190476,NaN,3.000000,3.000000
20230710144438752.000000,8.564171,1.550446,0.578125,0.578125,0.693147,0.693147,-0.500000,-2.197225,-5.562500,5.075000,33.453125,6.910000,-230.190148,-225.905919,474.380297,483.041374,6.000000,5.904762,NaN,5.142857,NaN,3.523810,5.476190,NaN,NaN,5.476190,5.750000,5.277778,NaN,3.361111,NaN,1.166667,4.888889,NaN,NaN,5.555556,1.095238,6.000000,NaN,2.619048,NaN,1.333333,5.428571,NaN,NaN,5.714286
20230710144504776.000000,2.809581,0.779108,3.500000,3.500000,0.693147,0.693147,-0.500000,-2.197225,5.562500,-0.181250,4.250000,6.910000,-208.058682,-202.980218,430.117364,438.778441,3.571429,4.428571,NaN,5.095238,NaN,3.523810,3.666667,NaN,NaN,4.904762,2.722222,4.611111,NaN,3.722222,NaN,3.194444,4.111111,NaN,NaN,4.638889,3.095238,4.857143,NaN,3.523810,NaN,3.000000,4.238095,NaN,NaN,3.904762
20230710144505448.000000,-0.807923,0.644058,4.000000,4.000000,0.693147,0.693147,-0.750000,-2.197225,0.500000,-0.950000,6.000000,6.910000,-233.530738,-229.186033,481.061477,489.722554,3.000000,4.047619,NaN,2.523810,3.190476,3.000000,3.714286,NaN,NaN,NaN,3.138889,3.527778,NaN,2.583333,3.611111,3.000000,3.861111,NaN,NaN,NaN,3.142857,3.952381,NaN,2.095238,3.809524,3.190476,3.666667,NaN,NaN,NaN
20230710144526536.000000,1.400056,-0.833318,3.218750,3.218750,0.693147,0.693147,-1.812500,-2.197225,-3.218750,4.625000,23.609375,6.910000,-275.258799,-270.764718,564.517597,573.178675,4.523810,1.666667,NaN,3.476190,NaN,4.571429,3.952381,NaN,3.809524,NaN,5.305556,4.750000,NaN,4.666667,NaN,3.472222,3.500000,NaN,3.444444,NaN,4.619048,5.047619,NaN,5.047619,NaN,1.571429,3.333333,NaN,3.190476,NaN
20230710144532216.000000,1.830955,1.830955,3.500000,3.500000,0.693147,0.693147,-1.250000,-2.197225,6.437500,4.062500,8.843750,6.910000,-245.533590,-240.625841,505.067180,513.728258,4.857143,4.714286,NaN,4.571429,NaN,4.809524,4.428571,NaN,4.714286,NaN,4.944444,5.083333,NaN,4.944444,NaN,4.305556,4.944444,NaN,4.722222,NaN,5.523810,4.619048,NaN,4.714286,NaN,5.000000,5.238095,NaN,4.952381,NaN
20230710144539288.000000,6.520153,2.076426,-4.000000,-4.000000,0.693147,0.693147,-0.500000,-2.197225,5.000000,1.250000,23.500000,6.910000,-205.082376,-200.129906,424.164751,432.825828,3.714286,4.047619,NaN,NaN,5.952381,6.000000,5.333333,NaN,NaN,4.761905,1.000000,5.000000,NaN,NaN,5.305556,1.972222,5.194444,NaN,NaN,5.861111,1.476190,4.142857,NaN,NaN,5.952381,1.000000,5.476190,NaN,NaN,6.000000
20230710144558588.000000,1.335001,1.335001,4.000000,4.000000,0.693147,0.693147,-0.500000,-2.197225,7.000000,2.300000,12.125000,6.910000,-228.650942,-224.567740,471.301884,479.962961,4.761905,4.809524,NaN,5.571429,5.000000,5.000000,3.333333,NaN,NaN,NaN,5.250000,4.611111,NaN,5.305556,4.916667,4.472222,4.166667,NaN,NaN,NaN,4.047619,4.428571,NaN,5.000000,5.095238,2.285714,4.904762,NaN,NaN,NaN
2023071014455863.000000,-0.355942,-0.807923,0.500000,0.500000,0.693147,0.693147,0.000000,-2.197225,-6.000000,0.800000,6.000000,6.910000,-208.982082,-203.202953,431.964163,440.625241,2.666667,3.857143,NaN,3.047619,NaN,2.761905,4.190476,NaN,3.428571,NaN,2.166667,4.944444,NaN,2.361111,NaN,1.694444,4.694444,NaN,4.305556,NaN,2.619048,5.428571,NaN,1.952381,NaN,1.380952,5.190476,NaN,3.095238,NaN
20230710144635556.000000,0.870444,8.352219,3.500000,3.500000,0.693147,0.693147,-1.000000,-2.197225,2.750000,2.300000,6.000000,6.910000,-234.103434,-229.097188,482.206868,490.867945,3.714286,4.809524,NaN,5.190476,5.285714,3.285714,5.000000,NaN,NaN,NaN,4.333333,4.861111,NaN,5.361111,5.416667,2.333333,4.833333,NaN,NaN,NaN,4.714286,5.000000,NaN,4.000000,5.238095,4.142857,5.000000,NaN,NaN,NaN
2023071014465075.000000,2.063517,-1.583527,2.750000,2.750000,0.693147,0.693147,-1.750000,-2.197225,-2.000000,3.800000,7.750000,6.910000,-264.435375,-259.000779,542.870749,551.531827,4.904762,5.238095,NaN,4.666667,6.000000,3.761905,2.857143,NaN,NaN,NaN,5.194444,5.000000,NaN,3.777778,5.888889,2.166667,3.250000,NaN,NaN,NaN,5.380952,5.428571,NaN,2.857143,4.523810,1.952381,4.095238,NaN,NaN,NaN
2023071014465139.000000,1.514501,2.017401,3.125000,3.125000,0.693147,0.693147,-2.000000,-2.197225,-5.000000,4.400000,9.500000,6.910000,-274.526207,-269.361612,563.052414,571.713491,4.666667,4.238095,NaN,5.238095,NaN,5.047619,4.380952,NaN,3.714286,NaN,4.500000,4.555556,NaN,4.972222,NaN,2.833333,5.444444,NaN,4.583333,NaN,2.952381,5.333333,NaN,4.857143,NaN,1.666667,4.619048,NaN,2.809524,NaN
20230710144716160.000000,-4.105862,-4.616448,-4.000000,-4.000000,0.693147,0.693147,-0.875000,-2.197225,8.000000,-1.600000,29.625000,6.910000,-243.557839,-238.994971,501.115679,509.776756,1.857143,5.428571,NaN,5.047619,4.952381,3.238095,4.238095,NaN,NaN,NaN,2.111111,5.694444,NaN,2.861111,5.416667,1.083333,6.000000,NaN,NaN,NaN,1.000000,5.666667,NaN,2.666667,5.380952,1.000000,5.571429,NaN,NaN,NaN
20230710144735792.000000,1.439217,1.744119,4.000000,4.000000,0.693147,0.693147,-0.312500,-2.197225,0.000000,2.675000,22.625000,6.910000,-227.564078,-223.921380,469.128155,477.789232,4.142857,3.904762,NaN,4.428571,NaN,5.095238,4.333333,NaN,NaN,5.238095,3.027778,3.888889,NaN,4.666667,NaN,4.861111,3.694444,NaN,NaN,5.305556,3.000000,3.809524,NaN,4.809524,NaN,3.095238,4.190476,NaN,NaN,5.619048
20230710144747968.000000,0.445990,0.445990,3.000000,3.000000,0.693147,0.693147,-0.750000,-2.197225,-4.000000,3.500000,6.000000,6.910000,-205.584758,-200.201919,425.169516,433.830594,4.761905,5.142857,NaN,NaN,5.047619,3.285714,5.666667,NaN,NaN,4.285714,4.250000,5.888889,NaN,NaN,5.083333,2.888889,5.805556,NaN,NaN,4.944444,4.190476,4.952381,NaN,NaN,5.523810,2.857143,6.000000,NaN,NaN,4.761905
20230710144800864.000000,0.412531,1.406433,2.500000,2.500000,0.693147,0.693147,-0.500000,-2.197225,-5.500000,-1.000000,4.250000,6.910000,-225.732889,-220.121457,465.465777,474.126854,3.809524,2.714286,NaN,3.476190,5.190476,5.000000,3.428571,NaN,NaN,NaN,2.444444,3.416667,NaN,4.027778,4.833333,2.833333,4.194444,NaN,NaN,NaN,2.095238,2.809524,NaN,2.809524,5.238095,1.380952,4.761905,NaN,NaN,NaN
20230710144803116.000000,1.948911,1.477085,2.750000,2.750000,0.693147,0.693147,-1.000000,-2.197225,5.750000,0.575000,7.750000,6.910000,-249.988106,-244.521200,513.976212,522.637289,5.285714,2.000000,NaN,5.000000,NaN,2.857143,3.714286,NaN,5.190476,NaN,4.000000,4.500000,NaN,4.611111,NaN,1.361111,2.611111,NaN,5.305556,NaN,2.000000,4.619048,NaN,4.904762,NaN,2.000000,3.428571,NaN,5.000000,NaN
20230710144806472.000000,-3.000093,0.799972,3.500000,3.500000,0.693147,0.693147,-1.000000,-2.197225,0.750000,-0.725000,6.000000,6.910000,-254.636080,-249.543207,523.272160,531.933237,3.238095,4.619048,NaN,3.000000,NaN,4.285714,3.952381,NaN,3.523810,NaN,2.444444,4.861111,NaN,2.916667,NaN,3.333333,3.944444,NaN,3.583333,NaN,1.714286,4.380952,NaN,3.809524,NaN,3.142857,4.047619,NaN,3.714286,NaN
20230710144836704.000000,-1.267063,0.149851,-5.750000,-5.750000,0.693147,0.693147,0.000000,-2.197225,-5.750000,0.800000,6.000000,6.910000,-173.812338,-168.124460,361.624675,370.285753,2.333333,3.380952,NaN,3.952381,NaN,2.904762,5.000000,NaN,NaN,4.380952,1.027778,4.055556,NaN,3.055556,NaN,1.111111,5.861111,NaN,NaN,4.805556,1.000000,5.285714,NaN,3.285714,NaN,1.142857,6.000000,NaN,NaN,5.761905
20230710144904880.000000,-1.000000,0.440312,2.750000,2.750000,0.693147,0.693147,-1.000000,-2.197225,-2.500000,2.375000,6.000000,6.910000,-249.165817,-243.641099,512.331635,520.992712,3.809524,5.142857,NaN,NaN,3.904762,4.285714,4.047619,NaN,NaN,4.761905,1.388889,4.638889,NaN,NaN,4.166667,3.805556,4.194444,NaN,NaN,3.638889,2.666667,4.000000,NaN,NaN,4.809524,3.142857,4.666667,NaN,NaN,4.095238
20230710144919216.000000,1.853594,0.475599,4.000000,4.000000,0.693147,0.693147,-0.312500,-2.197225,0.500000,-2.150000,16.500000,6.910000,-229.573994,-225.615131,473.147987,481.809065,3.142857,3.000000,NaN,NaN,NaN,4.380952,3.809524,NaN,3.714286,3.952381,3.361111,3.750000,NaN,NaN,NaN,3.305556,4.000000,NaN,4.027778,4.138889,2.904762,3.380952,NaN,NaN,NaN,3.000000,3.809524,NaN,4.142857,3.047619
20230710144944904.000000,-0.374371,1.251258,4.000000,4.000000,0.693147,0.693147,-1.250000,-2.197225,-2.000000,-1.750000,13.000000,6.910000,-264.173220,-260.067142,542.346440,551.007517,3.285714,3.904762,NaN,NaN,3.666667,4.142857,3.904762,NaN,3.428571,NaN,3.472222,3.416667,NaN,NaN,2.750000,3.666667,4.222222,NaN,3.805556,NaN,2.619048,4.428571,NaN,NaN,4.047619,2.476190,4.809524,NaN,4.000000,NaN
20230710144949304.000000,1.108198,-0.472951,-2.562500,-2.562500,0.693147,0.693147,-0.500000,-2.197225,-5.000000,1.625000,6.000000,6.910000,-229.255955,-223.507579,472.511911,481.172988,5.333333,4.285714,NaN,NaN,5.000000,2.857143,5.000000,NaN,NaN,4.904762,1.888889,5.027778,NaN,NaN,5.555556,2.444444,4.666667,NaN,NaN,3.666667,1.857143,5.000000,NaN,NaN,5.095238,1.523810,5.238095,NaN,NaN,3.761905
20230710144952200.000000,-0.074926,0.425074,3.500000,3.500000,0.693147,0.693147,-1.250000,-2.197225,4.000000,-1.300000,6.000000,6.910000,-262.797077,-257.717762,539.594154,548.255231,3.761905,3.809524,NaN,NaN,4.714286,3.238095,3.142857,NaN,3.333333,NaN,2.500000,4.500000,NaN,NaN,3.527778,3.944444,4.138889,NaN,3.861111,NaN,3.714286,4.619048,NaN,NaN,3.333333,2.476190,4.095238,NaN,2.714286,NaN
20230710145018496.000000,2.538693,1.359129,2.500000,2.500000,0.693147,0.693147,-2.000000,-2.197225,-5.000000,6.200000,9.500000,6.910000,-275.412864,-270.089642,564.825729,573.486806,5.857143,1.952381,NaN,4.952381,4.619048,4.238095,5.809524,NaN,NaN,NaN,5.333333,1.305556,NaN,4.527778,5.000000,5.083333,5.972222,NaN,NaN,NaN,6.000000,1.428571,NaN,4.666667,4.476190,5.238095,5.952381,NaN,NaN,NaN
20230710145048676.000000,0.231641,3.379168,-5.750000,-5.750000,0.693147,0.693147,-1.000000,-2.197225,1.000000,-1.450000,23.500000,6.910000,-243.208676,-238.222037,500.417353,509.078430,2.761905,4.285714,NaN,3.857143,NaN,3.380952,2.666667,NaN,NaN,5.142857,1.972222,4.555556,NaN,3.166667,NaN,1.666667,4.888889,NaN,NaN,4.916667,2.380952,5.523810,NaN,4.142857,NaN,2.380952,5.380952,NaN,NaN,5.380952
20230710145108892.000000,1.143564,0.071782,3.000000,3.000000,0.693147,0.693147,-0.500000,-2.197225,-3.687500,1.700000,9.500000,6.910000,-231.633994,-226.299417,477.267988,485.929065,3.428571,3.904762,NaN,5.047619,NaN,5.238095,3.428571,NaN,NaN,5.142857,2.694444,5.333333,NaN,4.861111,NaN,2.083333,4.138889,NaN,NaN,5.083333,2.619048,5.285714,NaN,5.142857,NaN,2.428571,4.571429,NaN,NaN,5.333333
20230710145119800.000000,0.397977,0.279595,3.000000,3.000000,0.693147,0.693147,-0.250000,-2.197225,1.500000,-1.300000,6.000000,6.910000,-220.186176,-214.734623,454.372351,463.033429,3.047619,3.904762,NaN,5.380952,4.761905,2.857143,4.809524,NaN,NaN,NaN,1.972222,3.944444,NaN,2.777778,5.250000,2.361111,4.027778,NaN,NaN,NaN,1.619048,4.476190,NaN,2.000000,5.095238,2.047619,4.095238,NaN,NaN,NaN
20230710145152104.000000,-0.387501,0.741666,2.750000,2.750000,0.693147,0.693147,-2.000000,-2.197225,4.000000,-1.900000,6.000000,6.910000,-279.810468,-274.297382,573.620935,582.282012,4.952381,4.095238,NaN,3.904762,NaN,3.047619,3.714286,NaN,2.809524,NaN,4.027778,3.750000,NaN,3.722222,NaN,3.083333,3.500000,NaN,3.972222,NaN,3.285714,5.000000,NaN,3.000000,NaN,2.571429,3.714286,NaN,2.142857,NaN
20230710145200908.000000,-2.438392,2.056348,0.312500,0.312500,0.693147,0.693147,-1.250000,-2.197225,-2.000000,-7.000000,32.687500,6.910000,-264.301643,-259.979795,542.603287,551.264364,2.238095,3.047619,NaN,2.809524,NaN,1.000000,4.904762,NaN,NaN,5.000000,2.194444,2.083333,NaN,2.722222,NaN,1.222222,5.333333,NaN,NaN,3.944444,1.523810,2.000000,NaN,1.285714,NaN,1.952381,4.523810,NaN,NaN,5.142857
20230710145201352.000000,1.568311,0.540987,1.250000,1.250000,0.693147,0.693147,-0.500000,-2.197225,5.750000,-0.375000,6.000000,6.910000,-238.466194,-232.710718,490.932389,499.593466,4.190476,4.476190,NaN,NaN,NaN,3.952381,4.095238,NaN,4.857143,4.571429,2.555556,3.444444,NaN,NaN,NaN,2.250000,5.000000,NaN,2.111111,5.083333,2.714286,4.761905,NaN,NaN,NaN,2.285714,4.142857,NaN,4.571429,5.095238
20230710145210440.000000,8.491594,0.807923,3.062500,3.062500,0.693147,0.693147,-1.000000,-2.197225,6.000000,1.700000,6.000000,6.910000,-251.431199,-246.132638,516.862398,525.523475,5.095238,3.380952,NaN,NaN,NaN,4.095238,4.428571,NaN,5.571429,5.000000,2.666667,4.000000,NaN,NaN,NaN,3.166667,4.027778,NaN,3.055556,4.722222,3.047619,4.666667,NaN,NaN,NaN,3.619048,4.619048,NaN,3.428571,4.904762
2023071014521863.000000,0.360078,0.890409,3.000000,3.000000,0.693147,0.693147,-1.250000,-2.197225,-4.000000,-2.200000,6.000000,6.910000,-261.123208,-255.713114,536.246416,544.907493,3.523810,3.714286,NaN,NaN,4.142857,4.047619,2.714286,NaN,NaN,4.000000,2.666667,4.111111,NaN,NaN,3.916667,3.111111,4.055556,NaN,NaN,3.527778,2.190476,3.904762,NaN,NaN,4.190476,3.095238,3.904762,NaN,NaN,3.095238
2023071014523166.000000,-0.068570,0.552384,4.000000,4.000000,0.693147,0.693147,-0.500000,-2.197225,0.187500,-1.000000,17.375000,6.910000,-241.925617,-237.984262,497.851234,506.512311,3.619048,3.333333,NaN,NaN,3.714286,2.857143,3.666667,NaN,NaN,3.714286,3.166667,3.583333,NaN,NaN,3.916667,3.027778,3.944444,NaN,NaN,5.277778,3.142857,3.428571,NaN,NaN,4.190476,3.523810,3.571429,NaN,NaN,4.238095
2023071014523878.000000,0.483332,-0.258334,3.000000,3.000000,0.693147,0.693147,-0.750000,-2.197225,1.000000,1.700000,6.000000,6.910000,-247.506244,-242.059111,509.012488,517.673565,2.761905,4.142857,NaN,4.619048,NaN,3.190476,4.095238,NaN,4.666667,NaN,3.333333,4.888889,NaN,3.388889,NaN,2.777778,4.472222,NaN,3.305556,NaN,2.476190,4.095238,NaN,3.285714,NaN,3.571429,3.952381,NaN,2.857143,NaN
20230710145254376.000000,0.039105,1.309122,-3.187500,-3.187500,0.693147,0.693147,-0.500000,-2.197225,-4.000000,1.400000,7.750000,6.910000,-224.864587,-219.154876,463.729175,472.390252,3.761905,3.904762,NaN,4.857143,NaN,2.952381,4.666667,NaN,NaN,5.428571,1.916667,4.916667,NaN,3.722222,NaN,1.333333,4.416667,NaN,NaN,5.638889,1.571429,5.095238,NaN,5.619048,NaN,1.904762,4.238095,NaN,NaN,5.047619
20230710145255320.000000,-0.716617,0.133531,-3.250000,-3.250000,0.693147,0.693147,-1.750000,-2.197225,5.750000,3.500000,7.750000,6.910000,-275.593441,-269.951488,565.186881,573.847958,3.714286,4.142857,NaN,4.571429,NaN,3.428571,3.714286,NaN,3.761905,NaN,2.888889,5.666667,NaN,3.250000,NaN,2.027778,5.138889,NaN,4.166667,NaN,3.476190,5.571429,NaN,3.428571,NaN,3.571429,5.000000,NaN,4.761905,NaN
20230710145317608.000000,-0.224998,0.033336,3.500000,3.500000,0.693147,0.693147,-1.250000,-2.197225,-2.750000,-0.275000,6.000000,6.910000,-267.234593,-262.136452,548.469186,557.130263,5.000000,3.142857,NaN,NaN,2.904762,2.190476,3.714286,NaN,4.000000,NaN,4.055556,4.361111,NaN,NaN,3.527778,2.583333,3.861111,NaN,3.416667,NaN,4.857143,3.809524,NaN,NaN,4.428571,2.666667,4.333333,NaN,4.333333,NaN
20230710145323904.000000,0.050587,-1.449413,0.875000,0.875000,0.693147,0.693147,-1.000000,-2.197225,-3.875000,0.200000,5.562500,6.910000,-253.321707,-247.526389,520.643414,529.304492,4.952381,3.476190,NaN,NaN,NaN,2.761905,2.904762,NaN,4.000000,3.809524,2.916667,4.583333,NaN,NaN,NaN,1.138889,4.416667,NaN,3.555556,4.000000,4.809524,4.952381,NaN,NaN,NaN,2.333333,4.285714,NaN,3.333333,3.571429
20230710145329344.000000,-0.500838,-0.450252,-5.750000,-5.750000,0.693147,0.693147,-0.125000,-2.197225,-6.500000,-0.925000,23.062500,6.910000,-211.063708,-206.073732,436.127417,444.788494,2.904762,2.380952,NaN,NaN,NaN,2.047619,2.285714,NaN,3.047619,5.476190,2.944444,5.055556,NaN,NaN,NaN,1.000000,3.638889,NaN,3.250000,5.666667,1.714286,5.047619,NaN,NaN,NaN,1.000000,4.523810,NaN,3.428571,5.095238
20230710145332944.000000,1.116434,0.587325,1.812500,1.812500,0.693147,0.693147,-1.250000,-2.197225,5.000000,3.500000,6.000000,6.910000,-252.458656,-246.793304,518.917311,527.578389,5.000000,5.000000,NaN,NaN,NaN,4.571429,3.619048,NaN,5.190476,5.000000,5.166667,5.194444,NaN,NaN,NaN,1.416667,5.000000,NaN,4.083333,5.000000,5.190476,5.428571,NaN,NaN,NaN,2.238095,5.190476,NaN,4.285714,4.809524
20230710145334456.000000,-2.780819,0.459883,1.500000,1.500000,0.693147,0.693147,-1.000000,-2.197225,0.062500,-6.800000,20.000000,6.910000,-241.046559,-236.006535,496.093118,504.754195,3.047619,4.904762,NaN,4.047619,NaN,2.571429,4.190476,NaN,NaN,5.380952,1.000000,4.083333,NaN,1.972222,NaN,1.777778,5.055556,NaN,NaN,4.138889,1.000000,3.333333,NaN,3.285714,NaN,1.714286,5.047619,NaN,NaN,3.142857
20230710145340564.000000,0.847298,0.847298,1.812500,1.812500,0.693147,0.693147,-1.750000,-2.197225,-1.000000,3.200000,6.000000,6.910000,-272.617417,-266.913142,559.234834,567.895912,5.000000,4.190476,NaN,NaN,4.476190,3.809524,2.571429,NaN,3.333333,NaN,5.027778,4.388889,NaN,NaN,4.583333,2.138889,4.944444,NaN,4.250000,NaN,4.809524,5.000000,NaN,NaN,5.619048,1.857143,4.047619,NaN,5.428571,NaN
20230710145424464.000000,1.500000,0.312500,2.250000,2.250000,0.693147,0.693147,0.000000,-2.197225,6.312500,0.175000,4.250000,6.910000,-202.708539,-197.044982,419.417078,428.078155,2.761905,4.000000,NaN,3.047619,NaN,3.619048,4.095238,NaN,3.238095,NaN,2.472222,4.888889,NaN,3.055556,NaN,2.444444,5.333333,NaN,3.777778,NaN,2.809524,5.000000,NaN,3.809524,NaN,2.238095,4.619048,NaN,3.285714,NaN
20230710145434208.000000,0.650125,2.300250,1.312500,1.312500,0.693147,0.693147,-1.750000,-2.197225,-4.000000,5.000000,4.250000,6.910000,-257.438457,-251.769911,528.876913,537.537991,4.666667,4.809524,NaN,3.428571,NaN,4.857143,5.285714,NaN,NaN,5.714286,4.888889,6.000000,NaN,3.750000,NaN,1.972222,5.722222,NaN,NaN,5.861111,5.190476,5.428571,NaN,3.761905,NaN,2.428571,6.000000,NaN,NaN,6.000000
20230710145515272.000000,1.617200,-0.157251,4.000000,4.000000,0.693147,0.693147,-0.687500,-2.197225,0.375000,-3.750000,9.937500,6.910000,-221.440419,-217.259166,456.880839,465.541916,3.000000,3.666667,NaN,3.000000,NaN,3.000000,3.095238,NaN,NaN,3.000000,3.000000,3.000000,NaN,2.833333,NaN,3.000000,3.111111,NaN,NaN,3.166667,3.000000,3.000000,NaN,3.000000,NaN,3.000000,3.000000,NaN,NaN,3.000000
20230710145559312.000000,0.844673,0.054099,4.250000,4.250000,0.693147,0.693147,0.250000,-2.197225,0.062500,1.400000,6.000000,6.910000,-182.050754,-178.538011,378.101508,386.762585,4.761905,4.095238,NaN,NaN,NaN,4.857143,3.714286,NaN,4.428571,4.095238,3.972222,4.805556,NaN,NaN,NaN,3.444444,4.194444,NaN,4.527778,3.972222,3.000000,4.619048,NaN,NaN,NaN,3.000000,4.714286,NaN,4.190476,4.428571
20230710145607860.000000,1.004708,-0.498823,2.750000,2.750000,0.693147,0.693147,-1.000000,-2.197225,-6.500000,2.600000,4.250000,6.910000,-243.568059,-238.067152,501.136117,509.797194,4.380952,4.714286,NaN,4.619048,3.809524,4.571429,5.000000,NaN,NaN,NaN,2.833333,4.972222,NaN,3.944444,4.722222,3.583333,4.333333,NaN,NaN,NaN,3.047619,4.952381,NaN,3.761905,5.238095,3.428571,4.428571,NaN,NaN,NaN
20230710145621184.000000,-0.223358,1.213136,4.000000,4.000000,0.693147,0.693147,-1.250000,-2.197225,5.000000,-1.875000,7.750000,6.910000,-255.998637,-251.743851,525.997273,534.658350,4.190476,3.333333,NaN,NaN,2.571429,3.285714,4.285714,NaN,3.904762,NaN,3.166667,3.500000,NaN,NaN,5.055556,4.138889,3.472222,NaN,3.277778,NaN,3.333333,3.571429,NaN,NaN,4.095238,3.333333,4.571429,NaN,4.000000,NaN
20230710145654424.000000,2.317125,1.764270,4.000000,4.000000,0.693147,0.693147,-1.250000,-2.197225,6.000000,3.800000,9.937500,6.910000,-258.472671,-254.354464,530.945342,539.606419,4.857143,5.000000,NaN,4.523810,NaN,3.523810,4.809524,NaN,5.000000,NaN,5.027778,4.583333,NaN,4.694444,NaN,5.000000,5.055556,NaN,4.194444,NaN,5.190476,4.428571,NaN,5.666667,NaN,4.523810,5.000000,NaN,4.904762,NaN
20230710145700340.000000,-0.261475,-1.792074,-5.187500,-5.187500,0.693147,0.693147,-0.687500,-2.197225,-0.500000,-0.700000,25.250000,6.910000,-257.447159,-252.522193,528.894318,537.555395,2.476190,4.285714,NaN,4.809524,NaN,3.761905,2.714286,NaN,4.047619,NaN,1.861111,5.305556,NaN,4.916667,NaN,2.111111,4.472222,NaN,2.722222,NaN,1.238095,5.476190,NaN,5.095238,NaN,1.190476,5.523810,NaN,2.523810,NaN
20230710145723824.000000,1.377995,0.475599,3.500000,3.500000,0.693147,0.693147,-2.750000,-2.197225,1.250000,-2.500000,12.125000,6.910000,-284.307423,-279.424716,582.614847,591.275924,3.666667,3.190476,NaN,3.857143,NaN,2.333333,4.380952,NaN,NaN,4.714286,3.166667,2.944444,NaN,3.638889,NaN,4.138889,2.805556,NaN,NaN,3.861111,3.809524,2.333333,NaN,4.142857,NaN,4.476190,3.952381,NaN,NaN,1.809524
20230710145726824.000000,3.009417,-1.584707,0.000000,0.000000,0.693147,0.693147,-1.750000,-2.197225,-5.000000,3.500000,3.375000,6.910000,-255.257422,-249.527822,524.514844,533.175921,6.000000,5.238095,NaN,2.619048,5.857143,3.476190,3.476190,NaN,NaN,NaN,5.083333,5.000000,NaN,4.638889,5.944444,2.777778,4.944444,NaN,NaN,NaN,6.000000,5.380952,NaN,5.523810,5.619048,2.238095,5.000000,NaN,NaN,NaN
20230710145744312.000000,1.160468,-0.279844,1.250000,1.250000,0.693147,0.693147,-1.500000,-2.197225,4.750000,2.600000,6.000000,6.910000,-270.440838,-264.706880,554.881675,563.542752,5.523810,4.047619,NaN,NaN,NaN,3.428571,3.523810,NaN,3.285714,4.619048,5.527778,4.666667,NaN,NaN,NaN,2.027778,4.944444,NaN,4.416667,4.638889,4.857143,4.380952,NaN,NaN,NaN,2.238095,5.047619,NaN,4.428571,4.238095
20230710145754396.000000,-0.666705,-0.400009,3.125000,3.125000,0.693147,0.693147,-0.250000,-2.197225,-4.500000,0.800000,4.250000,6.910000,-208.737391,-203.354467,431.474781,440.135858,4.857143,5.000000,NaN,NaN,3.809524,4.857143,4.333333,NaN,4.047619,NaN,2.083333,4.777778,NaN,NaN,4.611111,2.250000,4.972222,NaN,3.388889,NaN,2.000000,5.000000,NaN,NaN,4.428571,3.000000,4.476190,NaN,2.523810,NaN
20230710145759984.000000,2.261797,1.609438,3.000000,3.000000,0.693147,0.693147,-0.875000,-2.197225,-6.000000,8.600000,13.000000,6.910000,-176.829647,-171.967582,367.659294,376.320371,6.000000,6.000000,NaN,NaN,6.000000,5.428571,6.000000,NaN,NaN,5.523810,6.000000,5.750000,NaN,NaN,6.000000,6.000000,6.000000,NaN,NaN,5.027778,6.000000,6.000000,NaN,NaN,5.714286,6.000000,6.000000,NaN,NaN,6.000000
20230710145830472.000000,-3.554010,-0.036007,-4.000000,-4.000000,0.693147,0.693147,-1.250000,-2.197225,4.000000,2.600000,20.000000,6.910000,-256.513339,-251.356668,527.026678,535.687755,3.809524,4.809524,NaN,NaN,NaN,2.571429,5.095238,NaN,3.761905,5.476190,1.611111,4.777778,NaN,NaN,NaN,2.083333,4.833333,NaN,3.638889,4.333333,2.809524,4.714286,NaN,NaN,NaN,1.619048,4.571429,NaN,1.285714,5.000000
20230710145831572.000000,4.327056,-0.754120,2.500000,2.500000,0.693147,0.693147,-2.000000,-2.197225,-6.000000,-1.000000,9.500000,6.910000,-272.340122,-266.879782,558.680244,567.341321,4.285714,3.666667,NaN,NaN,5.047619,2.285714,2.904762,NaN,3.714286,NaN,2.611111,4.583333,NaN,NaN,4.944444,2.916667,2.611111,NaN,3.861111,NaN,3.380952,4.285714,NaN,NaN,5.238095,2.523810,2.571429,NaN,1.476190,NaN
20230710145902960.000000,0.477050,0.846313,-2.500000,-2.500000,0.693147,0.693147,-1.062500,-2.197225,5.750000,1.025000,25.250000,6.910000,-269.584597,-264.650044,553.169194,561.830271,4.380952,5.428571,NaN,3.809524,NaN,3.904762,5.380952,NaN,5.142857,NaN,3.250000,5.666667,NaN,4.222222,NaN,2.027778,5.555556,NaN,5.472222,NaN,1.428571,5.809524,NaN,5.190476,NaN,1.047619,5.666667,NaN,4.142857,NaN
2023071014590651.000000,7.279379,-0.758093,3.000000,3.000000,0.693147,0.693147,-1.750000,-2.197225,-3.000000,-1.125000,9.937500,6.910000,-269.459648,-264.191399,552.919297,561.580374,3.476190,5.142857,NaN,NaN,4.857143,3.571429,4.571429,NaN,NaN,3.000000,3.805556,4.194444,NaN,NaN,4.361111,3.583333,4.305556,NaN,NaN,3.111111,5.523810,4.476190,NaN,NaN,4.619048,2.380952,4.095238,NaN,NaN,3.333333
20230710145941708.000000,0.550042,1.962573,3.500000,3.500000,0.693147,0.693147,-0.125000,-2.197225,-0.062500,-1.600000,4.250000,6.910000,-181.900436,-176.782185,377.800873,386.461950,3.047619,3.571429,NaN,NaN,NaN,3.380952,3.952381,NaN,3.428571,4.238095,2.222222,4.000000,NaN,NaN,NaN,2.638889,4.444444,NaN,3.250000,3.750000,2.571429,4.000000,NaN,NaN,NaN,2.428571,4.000000,NaN,3.142857,4.428571
20230710145949960.000000,0.607673,0.607673,3.375000,3.375000,0.693147,0.693147,-1.250000,-2.197225,4.000000,3.500000,6.000000,6.910000,-241.062012,-235.918521,496.124023,504.785101,4.761905,5.190476,NaN,NaN,5.095238,5.142857,5.476190,NaN,NaN,5.333333,4.583333,5.083333,NaN,NaN,5.472222,5.694444,5.583333,NaN,NaN,5.527778,3.952381,5.238095,NaN,NaN,4.476190,5.619048,5.095238,NaN,NaN,5.523810
20230710150009844.000000,1.163609,1.163609,4.000000,4.000000,0.693147,0.693147,-0.875000,-2.197225,6.000000,3.200000,9.937500,6.910000,-245.478328,-241.327998,504.956655,513.617733,5.047619,5.000000,NaN,NaN,5.523810,6.000000,4.380952,NaN,4.142857,NaN,4.972222,4.750000,NaN,NaN,5.472222,5.250000,4.222222,NaN,4.222222,NaN,4.142857,4.000000,NaN,NaN,5.714286,5.333333,5.095238,NaN,5.714286,NaN
20230710150017708.000000,0.415477,0.415477,0.687500,0.687500,0.693147,0.693147,-0.750000,-2.197225,2.750000,1.625000,7.750000,6.910000,-247.346793,-241.588200,508.693586,517.354663,3.476190,4.285714,NaN,4.809524,4.857143,2.904762,3.571429,NaN,NaN,NaN,2.277778,5.083333,NaN,1.833333,4.305556,2.333333,5.166667,NaN,NaN,NaN,2.476190,5.428571,NaN,4.142857,5.333333,4.190476,5.190476,NaN,NaN,NaN
2023071015011442.000000,1.266238,1.266238,3.687500,3.687500,0.693147,0.693147,-0.500000,-2.197225,7.000000,2.000000,6.000000,6.910000,-200.723013,-195.897636,415.446026,424.107104,5.095238,5.000000,NaN,NaN,5.000000,2.190476,2.857143,NaN,4.380952,NaN,3.277778,5.000000,NaN,NaN,4.694444,2.611111,5.000000,NaN,4.333333,NaN,2.000000,5.000000,NaN,NaN,5.000000,2.190476,5.000000,NaN,4.190476,NaN
20230710150127604.000000,2.397895,1.548421,2.937500,2.937500,0.693147,0.693147,-2.000000,-2.197225,-5.750000,8.900000,9.500000,6.910000,-248.344372,-243.356569,510.688743,519.349821,6.000000,5.857143,NaN,NaN,NaN,6.000000,6.000000,NaN,6.000000,6.000000,5.833333,5.833333,NaN,NaN,NaN,6.000000,6.000000,NaN,6.000000,6.000000,6.000000,6.000000,NaN,NaN,NaN,6.000000,6.000000,NaN,6.000000,6.000000
20230710150128292.000000,3.526102,-1.251450,-4.000000,-4.000000,0.693147,0.693147,-1.250000,-2.197225,-6.000000,-0.100000,30.500000,6.910000,-258.320608,-253.749245,530.641215,539.302293,1.000000,3.380952,NaN,NaN,4.142857,2.428571,1.000000,NaN,5.428571,NaN,1.000000,6.000000,NaN,NaN,4.750000,1.000000,1.000000,NaN,3.055556,NaN,1.000000,6.000000,NaN,NaN,5.666667,1.000000,2.428571,NaN,2.238095,NaN
20230710150204224.000000,3.802683,0.500838,2.500000,2.500000,0.693147,0.693147,-1.000000,-2.197225,-7.125000,-0.100000,2.500000,6.910000,-248.917155,-243.359706,511.834309,520.495386,2.285714,5.000000,NaN,NaN,3.619048,3.761905,2.761905,NaN,3.428571,NaN,2.083333,4.750000,NaN,NaN,3.888889,2.500000,4.944444,NaN,4.500000,NaN,2.142857,3.857143,NaN,NaN,3.761905,2.571429,3.142857,NaN,3.000000,NaN
20230710150222724.000000,3.208498,1.805666,3.500000,3.500000,0.693147,0.693147,-0.500000,-2.197225,6.500000,0.500000,4.250000,6.910000,-188.175485,-183.116641,390.350969,399.012046,2.904762,3.238095,NaN,NaN,4.952381,4.523810,4.476190,NaN,NaN,5.000000,2.361111,4.416667,NaN,NaN,4.944444,4.055556,5.111111,NaN,NaN,5.861111,2.904762,4.666667,NaN,NaN,5.523810,2.238095,4.809524,NaN,NaN,4.476190
2023071015024681.000000,3.856254,0.031247,2.750000,2.750000,0.693147,0.693147,-1.000000,-2.197225,0.125000,-1.900000,6.000000,6.910000,-246.926250,-241.402437,507.852499,516.513577,3.666667,3.523810,NaN,NaN,NaN,2.380952,2.333333,NaN,4.333333,4.428571,2.250000,3.777778,NaN,NaN,NaN,1.833333,4.111111,NaN,3.777778,4.611111,2.047619,3.095238,NaN,NaN,NaN,1.476190,3.857143,NaN,2.857143,4.428571
20230710150306944.000000,-1.963008,0.441783,1.250000,1.250000,0.693147,0.693147,-1.500000,-2.197225,-2.000000,0.500000,6.000000,6.910000,-269.672167,-263.890831,553.344333,562.005410,3.523810,2.619048,NaN,4.000000,NaN,2.380952,3.380952,NaN,3.095238,NaN,2.527778,3.000000,NaN,2.527778,NaN,2.972222,5.333333,NaN,1.944444,NaN,1.571429,4.142857,NaN,5.095238,NaN,3.952381,5.904762,NaN,2.571429,NaN
20230710150329832.000000,0.099497,-0.801006,3.000000,3.000000,0.693147,0.693147,-2.000000,-2.197225,-1.000000,-2.800000,6.000000,6.910000,-278.475408,-273.059345,570.950816,579.611893,3.619048,3.571429,NaN,NaN,2.571429,4.238095,3.095238,NaN,NaN,2.857143,3.416667,3.805556,NaN,NaN,3.333333,2.361111,3.972222,NaN,NaN,3.361111,2.952381,3.761905,NaN,NaN,3.714286,3.190476,3.809524,NaN,NaN,3.380952
20230710150407272.000000,-2.458818,-2.374128,2.750000,2.750000,0.693147,0.693147,-2.000000,-2.197225,-5.750000,2.375000,7.750000,6.910000,-281.319697,-275.893792,576.639394,585.300471,2.047619,3.857143,NaN,NaN,NaN,3.000000,4.142857,NaN,3.857143,4.285714,4.083333,2.805556,NaN,NaN,NaN,3.972222,4.472222,NaN,2.777778,2.583333,4.761905,3.142857,NaN,NaN,NaN,2.095238,4.000000,NaN,3.380952,5.000000
20230710150447720.000000,-0.336472,0.331764,3.000000,3.000000,0.693147,0.693147,-0.500000,-2.197225,-1.250000,-2.250000,7.750000,6.910000,-228.207805,-222.808880,470.415610,479.076687,2.904762,2.476190,NaN,2.333333,NaN,2.285714,3.523810,NaN,4.190476,NaN,2.472222,3.666667,NaN,3.694444,NaN,1.916667,4.416667,NaN,3.888889,NaN,2.238095,3.428571,NaN,2.714286,NaN,2.285714,4.190476,NaN,3.428571,NaN
20230710150459436.000000,1.000000,-0.607673,-5.750000,-5.750000,0.693147,0.693147,-0.312500,-2.197225,6.500000,-0.625000,25.250000,6.910000,-226.242288,-221.373204,466.484576,475.145654,4.476190,4.857143,NaN,NaN,NaN,2.571429,5.047619,NaN,2.619048,3.285714,2.305556,4.750000,NaN,NaN,NaN,1.194444,5.583333,NaN,1.833333,5.027778,2.142857,5.380952,NaN,NaN,NaN,1.095238,5.714286,NaN,1.571429,6.000000
20230710150504196.000000,0.546544,-0.130069,3.500000,3.500000,0.693147,0.693147,-0.500000,-2.197225,-5.000000,0.800000,6.000000,6.910000,-232.393882,-227.315903,478.787765,487.448842,4.095238,4.476190,NaN,NaN,4.095238,4.142857,4.952381,NaN,4.333333,NaN,3.777778,4.861111,NaN,NaN,4.500000,2.472222,4.666667,NaN,3.527778,NaN,2.809524,5.000000,NaN,NaN,3.904762,3.476190,4.857143,NaN,3.476190,NaN
20230710150538836.000000,0.750000,-0.250000,-5.000000,-5.000000,0.693147,0.693147,-0.500000,-2.197225,3.500000,0.800000,25.250000,6.910000,-255.095761,-250.182208,524.191522,532.852599,4.809524,1.142857,NaN,3.809524,NaN,2.904762,3.714286,NaN,4.476190,NaN,2.750000,4.333333,NaN,1.944444,NaN,1.472222,5.694444,NaN,3.888889,NaN,1.857143,4.761905,NaN,2.904762,NaN,1.190476,4.476190,NaN,2.095238,NaN
20230710150618400.000000,0.074199,-0.388701,4.000000,4.000000,0.693147,0.693147,-0.125000,-2.197225,-4.000000,-1.175000,7.750000,6.910000,-208.791794,-204.509682,431.583589,440.244666,2.619048,2.428571,NaN,2.904762,NaN,3.000000,1.523810,NaN,NaN,4.476190,2.305556,4.000000,NaN,3.027778,NaN,2.194444,3.611111,NaN,NaN,4.388889,2.666667,3.476190,NaN,3.666667,NaN,2.619048,3.952381,NaN,NaN,4.666667
20230710150625564.000000,0.214279,0.517849,2.000000,2.000000,0.693147,0.693147,-0.750000,-2.197225,-4.250000,1.700000,6.000000,6.910000,-245.105092,-239.409609,504.210184,512.871261,2.857143,4.000000,NaN,NaN,5.285714,4.142857,5.000000,NaN,3.095238,NaN,3.416667,4.388889,NaN,NaN,4.055556,2.638889,5.361111,NaN,4.277778,NaN,2.809524,4.238095,NaN,NaN,3.714286,3.047619,5.000000,NaN,3.428571,NaN
20230710150649696.000000,0.902396,-0.311003,4.000000,4.000000,0.693147,0.693147,-0.500000,-2.197225,3.000000,1.100000,6.000000,6.910000,-218.288691,-213.960236,450.577383,459.238460,3.857143,4.047619,NaN,NaN,NaN,3.666667,3.809524,NaN,3.476190,4.571429,3.611111,4.666667,NaN,NaN,NaN,2.416667,4.694444,NaN,3.944444,4.361111,3.000000,4.142857,NaN,NaN,NaN,3.142857,4.333333,NaN,4.047619,4.619048
20230710150823968.000000,-2.703202,0.074199,2.750000,2.750000,0.693147,0.693147,-1.000000,-2.197225,-1.250000,0.500000,6.000000,6.910000,-255.172445,-249.627324,524.344890,533.005968,3.000000,3.523810,NaN,NaN,NaN,3.285714,4.142857,NaN,3.571429,3.714286,3.111111,3.944444,NaN,NaN,NaN,3.666667,4.027778,NaN,3.055556,3.750000,2.571429,4.619048,NaN,NaN,NaN,2.952381,4.190476,NaN,2.523810,4.571429
20230710150851848.000000,1.023289,0.023289,-1.625000,-1.625000,0.693147,0.693147,-0.250000,-2.197225,-5.750000,-1.125000,4.250000,6.910000,-194.992096,-189.207640,403.984192,412.645269,3.095238,4.619048,NaN,3.095238,NaN,3.238095,2.000000,NaN,NaN,2.714286,3.277778,5.722222,NaN,3.083333,NaN,2.000000,4.222222,NaN,NaN,3.000000,1.761905,4.761905,NaN,3.380952,NaN,2.571429,4.761905,NaN,NaN,3.523810
20230710150957504.000000,0.375000,4.000000,-3.000000,-3.000000,0.693147,0.693147,-1.250000,-2.197225,-4.000000,-1.600000,4.250000,6.910000,-257.216003,-251.473799,528.432006,537.093083,2.142857,2.190476,NaN,3.571429,4.714286,3.857143,4.095238,NaN,NaN,NaN,2.083333,3.861111,NaN,3.833333,4.166667,3.055556,4.138889,NaN,NaN,NaN,2.000000,3.523810,NaN,3.000000,4.285714,1.952381,4.476190,NaN,NaN,NaN
20230710150958976.000000,-0.801006,0.649245,-3.187500,-3.187500,0.693147,0.693147,-1.000000,-2.197225,4.000000,-0.400000,20.000000,6.910000,-254.536976,-249.315067,523.073951,531.735029,3.000000,5.142857,NaN,4.000000,NaN,1.952381,3.523810,NaN,NaN,5.047619,2.111111,4.500000,NaN,3.166667,NaN,2.333333,5.333333,NaN,NaN,3.055556,1.666667,5.000000,NaN,2.952381,NaN,1.523810,5.809524,NaN,NaN,3.000000
20230710151037472.000000,1.500000,3.500000,-5.000000,-5.000000,0.693147,0.693147,-0.500000,-2.197225,0.500000,1.700000,23.062500,6.910000,-236.023956,-231.003906,486.047912,494.708989,3.428571,4.857143,NaN,2.714286,NaN,4.523810,5.238095,NaN,NaN,5.666667,3.027778,5.250000,NaN,3.861111,NaN,2.583333,5.944444,NaN,NaN,3.500000,2.285714,5.714286,NaN,3.904762,NaN,1.857143,5.142857,NaN,NaN,4.952381
2023071015104553.000000,0.807923,4.423768,4.000000,4.000000,0.693147,0.693147,-0.750000,-2.197225,-0.500000,3.125000,7.750000,6.910000,-220.055322,-215.817021,454.110645,462.771722,5.000000,4.857143,NaN,3.714286,5.190476,4.238095,4.333333,NaN,NaN,NaN,4.750000,4.638889,NaN,4.750000,5.861111,2.638889,4.916667,NaN,NaN,NaN,3.761905,4.904762,NaN,5.047619,5.190476,2.285714,4.333333,NaN,NaN,NaN
20230710151101464.000000,-0.400009,-0.600037,3.000000,3.000000,0.693147,0.693147,-0.750000,-2.197225,-5.000000,0.500000,4.250000,6.910000,-251.237495,-245.793962,516.474989,525.136067,3.761905,3.619048,NaN,NaN,NaN,2.904762,3.476190,NaN,2.952381,4.380952,3.138889,4.333333,NaN,NaN,NaN,2.833333,4.277778,NaN,3.305556,4.138889,2.857143,3.714286,NaN,NaN,NaN,2.571429,4.904762,NaN,4.142857,5.238095
20230710151104736.000000,0.416914,-0.074926,4.000000,4.000000,0.693147,0.693147,-1.000000,-2.197225,0.250000,-1.600000,6.000000,6.910000,-253.850086,-249.511261,521.700172,530.361249,3.523810,4.047619,NaN,NaN,4.571429,3.761905,3.190476,NaN,NaN,4.714286,2.888889,3.833333,NaN,NaN,3.305556,2.972222,3.333333,NaN,NaN,4.777778,3.476190,3.714286,NaN,NaN,3.571429,3.333333,3.476190,NaN,NaN,3.904762
20230710151219832.000000,1.283280,-1.266238,-3.500000,-3.500000,0.693147,0.693147,-1.000000,-2.197225,4.000000,3.500000,16.500000,6.910000,-249.234137,-243.907798,512.468273,521.129350,3.380952,5.142857,NaN,NaN,4.333333,2.428571,5.047619,NaN,4.142857,NaN,3.305556,4.472222,NaN,NaN,4.750000,1.111111,3.805556,NaN,2.555556,NaN,1.952381,3.809524,NaN,NaN,4.857143,1.190476,5.285714,NaN,2.285714,NaN
20230710151248280.000000,-1.377995,0.311003,1.062500,1.062500,0.693147,0.693147,-0.750000,-2.197225,-4.250000,-1.875000,7.750000,6.910000,-245.181873,-239.455899,504.363746,513.024823,1.761905,1.952381,NaN,3.428571,NaN,3.095238,4.142857,NaN,5.047619,NaN,1.416667,2.638889,NaN,3.027778,NaN,2.416667,5.444444,NaN,4.222222,NaN,1.428571,3.857143,NaN,2.952381,NaN,2.000000,5.047619,NaN,2.142857,NaN
20230710151428952.000000,1.887719,-1.349875,3.000000,3.000000,0.693147,0.693147,-2.000000,-2.197225,-4.000000,4.775000,34.437500,6.910000,-275.152549,-271.215092,564.305099,572.966176,4.000000,4.857143,NaN,2.333333,NaN,2.142857,3.142857,NaN,NaN,2.857143,4.611111,5.000000,NaN,3.777778,NaN,4.166667,4.027778,NaN,NaN,3.305556,4.000000,4.571429,NaN,4.571429,NaN,3.095238,4.047619,NaN,NaN,4.666667
2023071015175097.000000,3.105470,1.189584,2.500000,2.500000,0.693147,0.693147,-2.000000,-2.197225,-6.000000,6.200000,12.125000,6.910000,-262.492231,-257.275484,538.984462,547.645539,5.761905,6.000000,NaN,6.000000,NaN,5.285714,5.285714,NaN,4.476190,NaN,5.722222,6.000000,NaN,6.000000,NaN,5.000000,5.000000,NaN,5.305556,NaN,6.000000,6.000000,NaN,6.000000,NaN,5.000000,5.285714,NaN,5.095238,NaN
20230710151832000.000000,-0.945901,0.405465,2.000000,2.000000,0.693147,0.693147,-0.750000,-2.197225,-4.000000,1.000000,12.125000,6.910000,-250.457728,-244.936286,514.915455,523.576533,2.761905,2.333333,NaN,4.380952,NaN,3.857143,4.714286,NaN,NaN,3.380952,2.388889,4.638889,NaN,2.805556,NaN,3.861111,4.138889,NaN,NaN,3.694444,1.476190,4.476190,NaN,2.904762,NaN,2.952381,4.476190,NaN,NaN,5.523810
20230710151856348.000000,-2.326850,-1.788584,-5.000000,-5.000000,0.693147,0.693147,-0.500000,-2.197225,6.500000,-1.300000,25.250000,6.910000,-230.195522,-225.332725,474.391043,483.052121,2.809524,4.857143,NaN,NaN,NaN,3.904762,4.428571,NaN,2.047619,4.714286,1.916667,5.666667,NaN,NaN,NaN,1.916667,6.000000,NaN,2.138889,3.777778,2.380952,5.285714,NaN,NaN,NaN,2.285714,5.714286,NaN,3.428571,4.857143
20230710151900368.000000,3.018496,4.079442,4.000000,4.000000,0.693147,0.693147,-1.500000,-2.197225,0.125000,-2.900000,9.937500,6.910000,-258.949495,-254.787631,531.898990,540.560067,4.142857,4.428571,NaN,4.380952,5.047619,3.904762,3.190476,NaN,NaN,NaN,3.666667,3.333333,NaN,4.638889,4.055556,3.138889,3.611111,NaN,NaN,NaN,3.142857,3.142857,NaN,3.619048,4.904762,3.095238,3.238095,NaN,NaN,NaN
20230710151928976.000000,0.348860,-0.488355,4.000000,4.000000,0.693147,0.693147,-0.687500,-2.197225,0.000000,2.000000,7.750000,6.910000,-254.930926,-250.635774,523.861851,532.522928,3.714286,4.952381,NaN,3.190476,NaN,4.333333,4.714286,NaN,NaN,4.000000,3.916667,4.500000,NaN,3.222222,NaN,4.361111,4.944444,NaN,NaN,4.416667,3.952381,4.476190,NaN,2.619048,NaN,4.476190,4.809524,NaN,NaN,4.285714
20230710152128512.000000,0.234401,-0.074199,-0.375000,-0.375000,0.693147,0.693147,-0.250000,-2.197225,0.500000,1.625000,6.000000,6.910000,-210.858248,-205.038626,435.716496,444.377574,2.714286,3.095238,NaN,NaN,4.523810,2.809524,2.619048,NaN,2.809524,NaN,1.750000,6.000000,NaN,NaN,3.833333,2.833333,5.166667,NaN,3.055556,NaN,2.190476,5.333333,NaN,NaN,4.000000,1.571429,5.904762,NaN,4.095238,NaN
2023071015265367.000000,4.032716,2.774537,-3.250000,-3.250000,0.693147,0.693147,-1.750000,-2.197225,4.000000,0.725000,14.750000,6.910000,-271.866538,-266.448051,557.733076,566.394154,2.714286,3.380952,NaN,5.714286,NaN,3.714286,4.000000,NaN,NaN,4.904762,2.388889,3.305556,NaN,3.694444,NaN,2.416667,4.222222,NaN,NaN,5.194444,2.047619,4.619048,NaN,2.761905,NaN,3.761905,3.047619,NaN,NaN,5.571429
20230710152929464.000000,1.477085,2.184824,3.000000,3.000000,0.693147,0.693147,-1.750000,-2.197225,3.000000,-2.500000,17.375000,6.910000,-274.504446,-269.514201,563.008892,571.669969,4.095238,2.238095,NaN,5.190476,4.857143,3.761905,2.904762,NaN,NaN,NaN,4.444444,3.388889,NaN,4.722222,5.194444,2.138889,2.777778,NaN,NaN,NaN,3.761905,3.095238,NaN,5.095238,4.047619,2.380952,3.952381,NaN,NaN,NaN
20230710154555336.000000,1.954101,0.477050,-0.250000,-0.250000,0.693147,0.693147,-0.500000,-2.197225,-5.000000,1.100000,6.000000,6.910000,-219.324476,-213.543267,452.648953,461.310030,5.095238,4.904762,NaN,NaN,5.666667,3.857143,4.809524,NaN,NaN,4.809524,2.305556,5.194444,NaN,NaN,5.083333,2.555556,5.222222,NaN,NaN,5.194444,2.476190,4.619048,NaN,NaN,5.047619,2.142857,4.619048,NaN,NaN,4.095238
20230710162135832.000000,0.149851,-0.771143,-4.625000,-4.625000,0.693147,0.693147,-0.500000,-2.197225,-5.750000,-1.975000,20.875000,6.910000,-248.170294,-243.050163,510.340587,519.001665,2.238095,2.476190,NaN,NaN,4.523810,3.238095,2.047619,NaN,2.476190,NaN,1.555556,4.777778,NaN,NaN,5.000000,1.694444,4.666667,NaN,2.194444,NaN,1.000000,5.571429,NaN,NaN,4.809524,2.476190,5.285714,NaN,5.666667,NaN
20230710163209772.000000,1.200167,-0.656224,3.500000,3.500000,0.693147,0.693147,-0.500000,-2.197225,-6.500000,1.100000,4.250000,6.910000,-223.906435,-218.829886,461.812870,470.473947,4.428571,4.761905,NaN,NaN,NaN,3.476190,3.571429,NaN,3.380952,3.142857,3.194444,4.861111,NaN,NaN,NaN,3.138889,4.416667,NaN,3.833333,4.055556,4.000000,5.190476,NaN,NaN,NaN,3.190476,4.666667,NaN,3.761905,4.190476
